location_id,name,location_type,latitude,longitude
L1,Niloufer Bakery,food_business,17.4005982,78.4628453
L2,Subhan Bakery,food_business,17.3922369,78.4651338
L3,Karachi Bakery,food_business,17.5054373,78.3620668
L4,Cafe Bahar,food_business,17.399719,78.4785769
L5,Pista House,food_business,17.3619884,78.4801587
L6,Bawarchi Restaurant,food_business,17.4368021,78.4287507
L7,Jamun Hyderabad,food_business,17.434303,78.4152369
L8,Lush Cafe | By the Lake,food_business,17.4363517,78.3920111
L9,Aaromale,food_business,17.4128381,78.4066158
L10,Shadab Hotel,food_business,17.3687527,78.4755405
L11,The Arabian Nights Mandi Restaurant,food_business,17.4919088,78.610036
