from_location_id,to_location_id,distance_meters,duration_seconds
L1,L2,1054.6,74.4
L1,L3,18746.1,1441.4
L1,L4,3372.2,287.4
L1,L5,5655.3,426.5
L1,L6,7354.8,572.1
L1,L7,8852.3,680.4
L1,L8,10355.1,891.4
L1,L9,7564.9,607.3
L1,L10,4492.5,336.5
L1,L11,24213.4,1939.9
L2,L1,1255.6,92.0
L2,L3,20001.7,1533.4
L2,L4,2317.7,213.0
L2,L5,4600.8,352.1
L2,L6,8610.4,664.1
L2,L7,10107.9,772.4
L2,L8,11610.7,983.4
L2,L9,8820.5,699.3
L2,L10,3437.9,262.1
L2,L11,24383.5,1964.5
L3,L1,20251.7,1508.8
L3,L2,21306.2,1583.2
L3,L4,21360.9,1634.5
L3,L5,25559.1,1911.6
L3,L6,15023.5,1261.1
L3,L7,12920.4,1085.8
L3,L8,11009.8,971.3
L3,L9,15134.9,1293.5
L3,L10,24396.2,1821.6
L3,L11,50513.2,2554.0
L4,L1,2587.9,198.7
L4,L2,2834.4,227.4
L4,L3,20154.4,1552.4
L4,L5,5000.2,404.4
L4,L6,8763.1,683.1
L4,L7,10260.6,791.4
L4,L8,12455.7,1058.6
L4,L9,9665.6,774.5
L4,L10,3837.4,314.4
L4,L11,22361.3,1830.7
L5,L1,5538.1,416.5
L5,L2,4569.8,354.6
L5,L3,23888.9,1833.1
L5,L4,5502.9,463.7
L5,L6,12497.6,963.8
L5,L7,13995.1,1072.1
L5,L8,15893.2,1307.9
L5,L9,13103.1,1023.8
L5,L10,1298.9,97.8
L5,L11,23973.3,1974.8
L6,L1,7079.8,560.6
L6,L2,8134.3,635.0
L6,L3,14367.4,1112.1
L6,L4,8189.0,686.3
L6,L5,12387.2,963.4
L6,L7,3296.8,255.4
L6,L8,7341.4,602.7
L6,L9,6505.9,526.2
L6,L10,11224.4,873.4
L6,L11,25069.9,2048.5
L7,L1,9099.3,741.4
L7,L2,9779.6,791.2
L7,L3,14980.4,1167.0
L7,L4,10208.5,867.1
L7,L5,14445.4,1136.9
L7,L6,2870.4,242.4
L7,L8,4044.7,347.3
L7,L9,5248.3,554.2
L7,L10,13282.6,1046.9
L7,L11,27455.6,2273.9
L8,L1,11443.3,982.0
L8,L2,11545.9,1010.4
L8,L3,12446.0,1003.8
L8,L4,12552.6,1107.7
L8,L5,16211.8,1356.1
L8,L6,5422.7,516.7
L8,L7,3319.6,341.4
L8,L9,5437.9,572.4
L8,L10,15048.9,1266.1
L8,L11,30205.3,2519.3
L9,L1,8936.3,810.6
L9,L2,8748.8,802.7
L9,L3,16099.0,1329.8
L9,L4,11042.7,962.3
L9,L5,13295.3,1140.8
L9,L6,5966.4,508.2
L9,L7,5194.5,443.1
L9,L8,4562.2,458.2
L9,L10,12132.4,1050.8
L9,L11,30329.9,2479.8
L10,L1,4715.4,373.6
L10,L2,3773.2,315.8
L10,L3,23092.2,1794.3
L10,L4,4706.2,424.9
L10,L5,1730.3,159.8
L10,L6,11700.9,925.0
L10,L7,13198.4,1033.3
L10,L8,15070.4,1265.0
L10,L9,11594.3,960.4
L10,L11,24292.8,2010.4
L11,L1,23180.4,1820.0
L11,L2,24242.6,1867.2
L11,L3,50471.6,2482.6
L11,L4,21458.8,1654.9
L11,L5,23749.4,1863.0
L11,L6,24819.2,1959.3
L11,L7,26993.0,2117.2
L11,L8,31037.7,2464.5
L11,L9,29091.4,2288.4
L11,L10,23429.8,1805.4